zona,n_reportes,distrito_principal,categoria_principal,puntaje_riesgo,lat_centro,lon_centro
2,41,San Martín de Porres,Alumbrado deficiente,27.5,-11.983917365853658,-77.07078753658537
6,38,Rímac,Acoso,24.5,-12.035683894736843,-77.03775981578947
1,37,Villa El Salvador,Robo,23.5,-12.197080243243244,-76.935009
3,27,Chorrillos,Alumbrado deficiente,20.5,-12.159321777777778,-77.00117318518518
5,28,Comas,Extorsión,18.5,-11.952515428571429,-77.03334296428571
0,25,San Isidro,Robo,15.0,-12.08978824,-77.02811848
4,10,Puente Piedra,Bache,5.5,-11.8677578,-77.0730231
7,7,Ate,Extorsión,4.5,-12.032334571428573,-76.91955742857144
8,7,Callao,Extorsión,4.0,-12.057840285714287,-77.11926442857143
